Jessie Jones,14
Clive Wilson,12
Tom Davies,17
Barbara Houghton,15
David Kilne,13
Samantha Kilne,13
Rory Williams,16
Steph Campbell,14
Eric Jones,15
Emma Mackenzie,12
Sally Masterston,17
Kirk Watson,16
Debbie Jablonski,13
Kerry Halfpenny,17
Tim McInnes,12
Danielle Brown,14
Millie Molloy,15
Gavin Henderson,16
Caitlin Oliver,13
Bobby Adams,12
Duncan Menzie,12
Alison Roberts,12
Liam Fredricks,14
Bruce Davidson,15
Brian Reynolds,14
Susanne McDonald,15
Elizabeth Venter,14
Amy Gosforth,13
Anthony Willis,12
Terence Neill,17
Rory Lovell,16
Peter Granger,15
Samantha Stevens,16
Jakub Zborowska,13
Adam Cox,12
John Hooper,17
Helen Underwood,12
Robert Blair,17
Selena Wood,17
Ritchie Cunnigham,16
